uei,start_date,end_date,duration_days,main_cause,location,districts,state,latitude,longitude,severity,area_affected,human_fatality,human_injured,human_displaced,animal_fatality,extent_of_damage,event_source,event_souce_id,district_lgd_codes,state_codes,severity_score,flood_location_raw,flood_site_raw,flood_year,flood_month,flood_day_of_year,flood_month_sin,flood_month_cos,fatality_present,displacement_present,injury_present,area_affected_numeric,historical_flood_count_location,historical_flood_severity_mean_location,historical_flood_severity_max_location,historical_flood_duration_mean_location,historical_flood_duration_max_location,historical_flood_fatality_mean_location,historical_flood_fatality_max_location,historical_flood_displacement_mean_location,historical_flood_displacement_max_location
UEI-IMD-FL-1970-0002,1970-07-15,1970-07-29,15.0,flood,,Entire village,Uttarakhand,,,,,,,,,"Flooding of Alakanda river caused considerable loss of life among pilgrims. A number of bridges, houses,even an entire village in the Joshimath area were washed away",IMD,,,5,,Entire village,,1970,7,196,-0.4999999999999997,-0.8660254037844388,0,0,0,,1,,,15.0,15.0,,,,
UEI-IMD-FL-1979-0057,1979-03-09,1979-03-09,1.0,heavy rains,,Chamoli,Uttarakhand,,,,,,,,,Number of houses heavily damaged in flash floods,IMD,,47,5,,Chamoli,,1979,3,68,1.0,6.123233995736766e-17,0,0,0,,13,,,1.5384615384615385,7.0,18.88888888888889,70.0,104.5,205.0
UEI-IMD-FL-1980-0055,1980-06-25,1980-06-25,1.0,heavy rains,,Uttar Kashi Kashi,Uttarakhand,,,,,25.0,7.0,,,i)Vast areas inundated ii)The entire Gyansu village situated on the banks of Bhagirathi river destroyed,IMD,,,5,,Uttar Kashi Kashi,,1980,6,177,1.2246467991473532e-16,-1.0,1,0,1,,6,,,1.0,1.0,5.833333333333333,25.0,,
UEI-IMD-FL-1982-0050,1982-04-15,1982-04-28,14.0,heavy rains (unseasonal),,"Dehradun, Almora",Uttarakhand,,,,,,,,,"Harvested,ready for harvest wheat crop damaged",IMD,,"49, 45",5,,"Dehradun, Almora",,1982,4,105,0.8660254037844387,-0.4999999999999998,0,0,0,,1,,,14.0,14.0,,,,
UEI-IMD-FL-1982-0052,1982-08-08,1982-08-14,7.0,flash floods in a nullah,,Chamoli,Uttarakhand,,,,,,5.0,,,4 houses washed away in Admala village (Karanprayag Tehsil),IMD,,47,5,,Chamoli,,1982,8,220,-0.8660254037844385,-0.5000000000000004,0,0,1,,13,,,1.5384615384615385,7.0,18.88888888888889,70.0,104.5,205.0
UEI-IMD-FL-1983-0094,1983-07-22,1983-07-22,1.0,heavy rains,,Almora ,Uttarakhand,,,,,37.0,,,38.0,"The villages Karmi, Patti, Maldah,Danpur in Bageshwari tehsil completely cut off from rest of the state",IMD,,45,5,,Almora ,,1983,7,203,-0.4999999999999997,-0.8660254037844388,1,0,0,,1,,,1.0,1.0,37.0,37.0,,
UEI-IMD-FL-1984-0087,1984-06-29,1984-06-29,1.0,heavy rains,,Nainital,Uttarakhand,,,,,6.0,,,,,IMD,,51,5,,Nainital,,1984,6,181,1.2246467991473532e-16,-1.0,1,0,0,,2,,,1.0,1.0,7.0,8.0,,
UEI-IMD-FL-1984-0088,1984-07-02,1984-07-02,1.0,heavy rains,,Almora,Uttarakhand,,,,,9.0,,,,3 houses damaged,IMD,,45,5,,Almora,,1984,7,184,-0.4999999999999997,-0.8660254037844388,1,0,0,,5,,,1.2,2.0,4.0,9.0,,
UEI-IMD-FL-1984-0090,1984-07-30,1984-07-30,1.0,heavy rains,,Nainital,Uttarakhand,,,,,8.0,,,,,IMD,,51,5,,Nainital,,1984,7,212,-0.4999999999999997,-0.8660254037844388,1,0,0,,2,,,1.0,1.0,7.0,8.0,,
UEI-IMD-FL-1985-0060,1985-07-22,1985-07-28,7.0,flash floods,,Garhwal,Uttarakhand,,,,,12.0,,,,,IMD,,52,5,,Garhwal,,1985,7,203,-0.4999999999999997,-0.8660254037844388,1,0,0,,8,,,2.5,7.0,15.333333333333334,70.0,,
UEI-IMD-FL-1985-0066,1985-10-22,1985-10-28,7.0,heavy rains,,Garhwal,Uttarakhand,,,,,,,,,"A bridge near Malari, situated at an height of 3048 m (10,000 ft) high breached due to landslides",IMD,,52,5,,Garhwal,,1985,10,295,-0.8660254037844386,0.5000000000000001,0,0,0,,8,,,2.5,7.0,15.333333333333334,70.0,,
UEI-IMD-FL-1990-0075,1990-07-09,1990-07-09,1.0,heavy rains,,Garhwal,Uttarakhand,,,,,70.0,,,,,IMD,,52,5,,Garhwal,,1990,7,190,-0.4999999999999997,-0.8660254037844388,1,0,0,,8,,,2.5,7.0,15.333333333333334,70.0,,
UEI-IMD-FL-1991-0100,1991-08-15,1991-08-16,2.0,heavy rains,,Chamoli,Uttarakhand,,,,,32.0,,,90.0,"i)6 villages affected ii)40 hectares of agricultural land submerged iii)96 houses completely,146 partially collapsed",IMD,,47,5,,Chamoli,,1991,8,227,-0.8660254037844385,-0.5000000000000004,1,0,0,,13,,,1.5384615384615385,7.0,18.88888888888889,70.0,104.5,205.0
UEI-IMD-FL-1991-0101,1991-08-16,1991-08-17,2.0,heavy rains,,Almora,Uttarakhand,,,,,1.0,,,14.0,"i)6,709 people in 29 villages affected ii)31 hectares of land area,38 hectares of crop land submerged iii)34 houses completely,115 partially damaged",IMD,,45,5,,Almora,,1991,8,228,-0.8660254037844385,-0.5000000000000004,1,0,0,,5,,,1.2,2.0,4.0,9.0,,
UEI-IMD-FL-1991-0102,1991-08-18,1991-08-18,1.0,heavy rains,,Tehri Garhwal,Uttarakhand,,,,,,,,5.0,3 houses completely damaged,IMD,,55,5,,Tehri Garhwal,,1991,8,230,-0.8660254037844385,-0.5000000000000004,0,0,0,,8,,,1.0,1.0,5.285714285714286,11.0,2.0,2.0
UEI-IMD-FL-2001-0098,2001-07-06,2001-07-06,1.0,heavy rains,,"Uttar Kashi Kashi, Chamoli, Dehradun, Tehri Garhwal, Rudra Prayag, Pithoragarh, Bageshwar, Haridwar, Garhwal, Almora, Nainital, Champawat, Udam Singh Nagar",Uttarakhand,,,,,10.0,,,,(i) Landslides reported (ii)Many people stranded on the way; helped by India-Tibet border police,IMD,,"None, 47, 49, 55, 54, 53, 46, 50, 52, 45, 51, 48, 56",5,,"Uttar Kashi Kashi, Chamoli, Dehradun, Tehri Garhwal, Rudra Prayag, Pithoragarh, Bageshwar, Haridwar, Garhwal, Almora, Nainital, Champawat, Udam Singh Nagar",,2001,7,187,-0.4999999999999997,-0.8660254037844388,1,0,0,,2,,,1.0,1.0,17.5,25.0,,
UEI-IMD-FL-2001-0099,2001-07-16,2001-07-16,1.0,heavy rains,,"Uttar Kashi Kashi, Chamoli, Dehradun, Tehri Garhwal, Rudra Prayag, Pithoragarh, Bageshwar, Haridwar, Garhwal, Almora, Nainital, Champawat, Udam Singh Nagar",Uttarakhand,,,,,25.0,,,25.0,(i) Landslides reported (ii) 26 houses damaged,IMD,,"None, 47, 49, 55, 54, 53, 46, 50, 52, 45, 51, 48, 56",5,,"Uttar Kashi Kashi, Chamoli, Dehradun, Tehri Garhwal, Rudra Prayag, Pithoragarh, Bageshwar, Haridwar, Garhwal, Almora, Nainital, Champawat, Udam Singh Nagar",,2001,7,197,-0.4999999999999997,-0.8660254037844388,1,0,0,,2,,,1.0,1.0,17.5,25.0,,
UEI-IMD-FL-2001-0100,2001-07-18,2001-07-18,1.0,heavy rains,,Rudra Prayag,Uttarakhand,,,,,26.0,,,30.0,"(i) Landslides reported (ii) 4 villages of Vyomguard,Fatta areas cut off (iii) 26 houses completely damaged (iv) Relief,rescue opeations assisted by Polica,Jawans of INdo-Tibet Border Security to remove debris (v) 850 Kedarnath pilgrims stranded between Gupt Kashi,Gauri Kund. traffic closed down on Dehra Dun-Chakrata,Tihri- over diversion, hampering supply of medicines, tents etc to the affected people",IMD,,54,5,,Rudra Prayag,,2001,7,199,-0.4999999999999997,-0.8660254037844388,1,0,0,,12,,,1.0,1.0,7.111111111111111,26.0,10.333333333333334,17.0
UEI-IMD-FL-2002-0059,2002-08-11,2002-08-11,1.0,heavy rains,,"Tehri Garhwal,Uttar Kashi Kashi",Uttarakhand,,,,,33.0,,,,"(i)Landslides reported (ii)Large number of houses destroyed (iii) Army employed for rescue work (iv) Rescue work hampered due to rains,bad light",IMD,,"55, None",5,,"Tehri Garhwal,Uttar Kashi Kashi",,2002,8,223,-0.8660254037844385,-0.5000000000000004,1,0,0,,3,,,1.0,1.0,14.666666666666666,33.0,,
UEI-IMD-FL-2002-0062,2002-09-12,2002-09-12,1.0,heavy rains,,"Haridwar,Nainital",Uttarakhand,,,,,,,,,Many houses collapsed,IMD,,"50, 51",5,,"Haridwar,Nainital",,2002,9,255,-1.0,-1.8369701987210297e-16,0,0,0,,1,,,1.0,1.0,,,,
UEI-IMD-FL-2003-0093,2003-07-04,2003-07-06,3.0,heavy rains,,"Dehradun,Tehri Garhwal",Uttarakhand,,,,,5.0,,,,"(i)Landslide reported (ii)Road communication affctd. Gangotri, Riskhikesh,Badrinath cound traffic stranded",IMD,,"49, 55",5,,"Dehradun,Tehri Garhwal",,2003,7,185,-0.4999999999999997,-0.8660254037844388,1,0,0,,1,,,3.0,3.0,5.0,5.0,,
UEI-IMD-FL-2003-0094,2003-09-21,2003-09-21,1.0,heavy rains,,Pithoragarh,Uttarakhand,,,,,7.0,,,,Landslide reported,IMD,,53,5,,Pithoragarh,,2003,9,264,-1.0,-1.8369701987210297e-16,1,0,0,,7,,,1.1428571428571428,2.0,10.857142857142858,43.0,5.0,8.0
UEI-IMD-FL-2004-0062,2004-05-29,2004-05-29,1.0,flash flood(cloud burst),,Bageshwar,Uttarakhand,,,,,,3.0,,,,IMD,,46,5,,Bageshwar,,2004,5,150,0.49999999999999994,-0.8660254037844387,0,0,1,,3,,,1.0,1.0,10.5,18.0,,
UEI-IMD-FL-2004-0063,2004-06-01,2004-06-01,1.0,heavy rains(cloud burst),,Almora,Uttarakhand,,,,,,,,,Potato crop in 3000 hectares damaged,IMD,,45,5,,Almora,,2004,6,153,1.2246467991473532e-16,-1.0,0,0,0,,5,,,1.2,2.0,4.0,9.0,,
UEI-IMD-FL-2004-0064,2004-07-06,2004-07-06,1.0,heavy rains(cloud burst),,Chamoli,Uttarakhand,,,,,31.0,28.0,,,"(i)Landslide reported (ii)3 vehicles washed away (iii)More than 5000 pilgrims stranded as severe damage to road reported near Lambagar (iv) Bad weather hampered rescue,relief work",IMD,,47,5,,Chamoli,,2004,7,188,-0.4999999999999997,-0.8660254037844388,1,0,1,,13,,,1.5384615384615385,7.0,18.88888888888889,70.0,104.5,205.0
UEI-IMD-FL-2004-0065,2004-07-28,2004-07-28,1.0,heavy rains,,"Tehri Garhwal,Uttar Kashi Kashi",Uttarakhand,,,,,6.0,,,,Landslide reported,IMD,,"55, None",5,,"Tehri Garhwal,Uttar Kashi Kashi",,2004,7,210,-0.4999999999999997,-0.8660254037844388,1,0,0,,3,,,1.0,1.0,14.666666666666666,33.0,,
UEI-IMD-FL-2004-0066,2004-08-26,2004-08-26,1.0,flash flood,,Udam Singh Nagar,Uttarakhand,,,,,8.0,,,,(i)Breaches at zero point of Nanak Sagar dam caused heavy destruction (ii)Chikadghat bridge washed away,IMD,,56,5,,Udam Singh Nagar,,2004,8,239,-0.8660254037844385,-0.5000000000000004,1,0,0,,2,,,1.0,1.0,5.0,8.0,,
UEI-IMD-FL-2005-0146,2005-06-30,2005-06-30,1.0,heavy rains,,Chamoli,Uttarakhand,,,,,9.0,,,,,IMD,,47,5,,Chamoli,,2005,6,181,1.2246467991473532e-16,-1.0,1,0,0,,13,,,1.5384615384615385,7.0,18.88888888888889,70.0,104.5,205.0
UEI-IMD-FL-2005-0150,2005-07-22,2005-07-22,1.0,heavy rains,,Tehri Garhwal,Uttarakhand,,,,,4.0,,,,Landslide reported in Badiargarh area.,IMD,,55,5,,Tehri Garhwal,,2005,7,203,-0.4999999999999997,-0.8660254037844388,1,0,0,,8,,,1.0,1.0,5.285714285714286,11.0,2.0,2.0
UEI-IMD-FL-2005-0151,2005-08-03,2005-08-03,1.0,heavy rains,,Tehri Garhwal,Uttarakhand,,,,,11.0,,,,,IMD,,55,5,,Tehri Garhwal,,2005,8,215,-0.8660254037844385,-0.5000000000000004,1,0,0,,8,,,1.0,1.0,5.285714285714286,11.0,2.0,2.0
UEI-IMD-FL-2005-0152,2005-08-05,2005-08-05,1.0,heavy rains,,Pithoragarh,Uttarakhand,,,,,10.0,,,,,IMD,,53,5,,Pithoragarh,,2005,8,217,-0.8660254037844385,-0.5000000000000004,1,0,0,,7,,,1.1428571428571428,2.0,10.857142857142858,43.0,5.0,8.0
UEI-IMD-FL-2005-0156,2005-09-05,2005-09-06,2.0,heavy rains,,Bageshwar ,Uttarakhand,,,,,,,,,Motor road damaged at Jaojit area.,IMD,,46,5,,Bageshwar ,,2005,9,248,-1.0,-1.8369701987210297e-16,0,0,0,,1,,,2.0,2.0,,,,
UEI-IMD-FL-2008-0115,2008-07-17,2008-07-17,1.0,heavy rains,,Champawat,Uttarakhand,,,,,10.0,12.0,,,Landslide reported.,IMD,,48,5,,Champawat,,2008,7,199,-0.4999999999999997,-0.8660254037844388,1,0,1,,1,,,1.0,1.0,10.0,10.0,,
UEI-IMD-FL-2009-0074,2009-07-28,2009-07-28,1.0,heavy rains,,Garhwal,Uttarakhand,,,,,6.0,,,,Landslide reported.,IMD,,52,5,,Garhwal,,2009,7,209,-0.4999999999999997,-0.8660254037844388,1,0,0,,8,,,2.5,7.0,15.333333333333334,70.0,,
UEI-IMD-FL-2009-0076,2009-08-08,2009-08-08,1.0,severe flood (cloud burst),,Pithoragarh,Uttarakhand,,,,,43.0,,,100.0,i)About 12 houses trapped under debris. ii) Landslide reported.,IMD,,53,5,,Pithoragarh,,2009,8,220,-0.8660254037844385,-0.5000000000000004,1,0,0,,7,,,1.1428571428571428,2.0,10.857142857142858,43.0,5.0,8.0
UEI-IMD-FL-2010-0135,2010-07-05,2010-07-05,1.0,heavy rains,,Mathura,Uttarakhand,,,,,6.0,2.0,,,,IMD,,167,5,,Mathura,,2010,7,186,-0.4999999999999997,-0.8660254037844388,1,0,1,,1,,,1.0,1.0,6.0,6.0,,
UEI-IMD-FL-2010-0136,2010-08-18,2010-08-18,1.0,heavy rains,,Bageshwar,Uttarakhand,,,,,18.0,8.0,,,i) Landslide reported. ii) Damage to public property reported. ,IMD,,46,5,,Bageshwar,,2010,8,230,-0.8660254037844385,-0.5000000000000004,1,0,1,,3,,,1.0,1.0,10.5,18.0,,
UEI-IMD-FL-2010-0140,2010-09-18,2010-09-19,2.0,heavy rains,,"Almora, Dehradun,Nainital",Uttarakhand,,,,,20.0,,,,i) Cloud burst reported. ii) Many people rendered homeless. ,IMD,,"45, 49, 51",5,,"Almora, Dehradun,Nainital",,2010,9,261,-1.0,-1.8369701987210297e-16,1,0,0,,1,,,2.0,2.0,20.0,20.0,,
UEI-IMD-FL-2011-0098,2011-07-21,2011-07-21,1.0,heavy rains,,Almora,Uttarakhand,,,,,2.0,,,,,IMD,,45,5,,Almora,,2011,7,202,-0.4999999999999997,-0.8660254037844388,1,0,0,,5,,,1.2,2.0,4.0,9.0,,
UEI-IMD-FL-2011-0099,2011-08-23,2011-08-23,1.0,heavy rains,,Parts of Uttar Kashiakhand,Uttarakhand,,,,,5.0,,,,,IMD,,,5,,Parts of Uttar Kashiakhand,,2011,8,235,-0.8660254037844385,-0.5000000000000004,1,0,0,,2,,,1.0,1.0,3.0,5.0,,
UEI-IMD-FL-2012-0077,2012-08-04,2012-08-04,1.0,heavy rains (cloud burst) ,,Chamoli,Uttarakhand,,,,,7.0,20.0,,,i) Landslides reported.ii) About 30 houses washed away. iii) Gangotri bridge collapsed. iv) Pilgrims of Badrinath-Kedarnath stranded.  v) About 250 falilies shifted to safer places. ,IMD,,47,5,,Chamoli,,2012,8,217,-0.8660254037844385,-0.5000000000000004,1,0,1,,13,,,1.5384615384615385,7.0,18.88888888888889,70.0,104.5,205.0
UEI-IMD-FL-2012-0078,2012-09-13,2012-09-13,1.0,heavy rains (cloud burst),,Rudra Prayag,Uttarakhand,,,,,7.0,55.0,,,"1) In Ukhimath area about 12 kachcha houses collapsed from 8 villages, ii) Landslides reported at national highways Hrishikesh-Badrinath,Hrishikesh-Gangotri. ",IMD,,54,5,,Rudra Prayag,,2012,9,257,-1.0,-1.8369701987210297e-16,1,0,1,,12,,,1.0,1.0,7.111111111111111,26.0,10.333333333333334,17.0
UEI-IMD-FL-2013-0131,2013-06-14,2013-06-18,5.0,"heavy to very rainfall/flash floods (saraswati,mandakini rivers,its tributaries triggered by very heavy rainfall,lake burst), cloudburst on jun16 &17 jun, massive landslides,avalanches reported at multiple places. ",,"Chamoli, Pithoragarh, Rudra Prayag,Uttar Kashi Kashi",Uttarakhand,,,,,5000.0,,,1000.0,"i) More than thousands of pilgrims of Char Dham on the Gangotri,Yamunotri routes, Hemkund, Roopkunda,tourists/trakers of Valley of flowers stranded. ii) Lakhs of people shifted to safer places. iii) Many roads including state highways, infrastructures, villages washed away/damaged. iv) Many Hydroelectric projects, houses, water schemes, bridges, commercial,residential buildings, hotels, rest houses, shops, temples, telephone towers, vehicles destroyed/ drifted in the floods of rivers. v) Damage to the cash crops especially apple crops reported.    ",IMD,,"47, 53, 54, None",5,,"Chamoli, Pithoragarh, Rudra Prayag,Uttar Kashi Kashi",,2013,6,165,1.2246467991473532e-16,-1.0,1,0,0,,1,,,5.0,5.0,5000.0,5000.0,,
UEI-IMD-FL-2014-0086,2014-07-27,2014-07-27,1.0,heavy rains ,,Pithoragarh ,Uttarakhand,,,,,6.0,,,,,IMD,,53,5,,Pithoragarh ,,2014,7,208,-0.4999999999999997,-0.8660254037844388,1,0,0,,1,,,1.0,1.0,6.0,6.0,,
UEI-IMD-FL-2014-0087,2014-07-31,2014-07-31,1.0,heavy rains,,Tehri Garhwal ,Uttarakhand,,,,,5.0,,,,,IMD,,55,5,,Tehri Garhwal ,,2014,7,212,-0.4999999999999997,-0.8660254037844388,1,0,0,,1,,,1.0,1.0,5.0,5.0,,
UEI-IMD-FL-2014-0088,2014-08-11,2014-08-11,1.0,heavy rains ,,Parts of Uttar Kashiakhand ,Uttarakhand,,,,,,,,,,IMD,,,5,,Parts of Uttar Kashiakhand ,,2014,8,223,-0.8660254037844385,-0.5000000000000004,0,0,0,,1,,,1.0,1.0,,,,
UEI-IMD-FL-2015-0104,2015-07-26,2015-07-26,1.0,heavy rains,,Parts of Uttar Kashiakhand,Uttarakhand,,,,,1.0,,,,,IMD,,,5,,Parts of Uttar Kashiakhand,,2015,7,207,-0.4999999999999997,-0.8660254037844388,1,0,0,,2,,,1.0,1.0,3.0,5.0,,
UEI-IMD-FL-2016-0126,2016-05-08,2016-05-08,1.0,landslide,,Chamoli,Uttarakhand,,,,,,,,,i) Damage to more than 10 houses reported ii) Damage to more than half dozen vehicles reported.,IMD,,47,5,,Chamoli,,2016,5,129,0.49999999999999994,-0.8660254037844387,0,0,0,,13,,,1.5384615384615385,7.0,18.88888888888889,70.0,104.5,205.0
UEI-IMD-FL-2016-0127,2016-05-22,2016-05-22,1.0,landslide,,Dehradun,Uttarakhand,,,,,10.0,5.0,,,,IMD,,49,5,,Dehradun,,2016,5,143,0.49999999999999994,-0.8660254037844387,1,0,1,,8,,,1.25,3.0,6.0,11.0,9.0,9.0
UEI-IMD-FL-2016-0128,2016-05-28,2016-05-28,1.0,cloud burst,,"Tehri Garhwal,Uttar Kashi Kashi",Uttarakhand,,,,,5.0,,,,,IMD,,"55, None",5,,"Tehri Garhwal,Uttar Kashi Kashi",,2016,5,149,0.49999999999999994,-0.8660254037844387,1,0,0,,3,,,1.0,1.0,14.666666666666666,33.0,,
UEI-IMD-FL-2016-0129,2016-07-03,2016-07-03,1.0,cloud burst,,"Chamoli, Pithoragarh",Uttarakhand,,,,,20.0,12.0,,,i) 150 families affected ii) 4 houses fully & 12 houses partially damaged.,IMD,,"47, 53",5,,"Chamoli, Pithoragarh",,2016,7,185,-0.4999999999999997,-0.8660254037844388,1,0,1,,2,,,2.0,3.0,10.5,20.0,,
UEI-IMD-FL-2016-0130,2016-07-16,2016-07-17,2.0,heavy rains & heavy rains &,,"Dehradun, Nainital, Tehri Garhwal, Uttar Kashi Kashi",Uttarakhand,,,,,15.0,,,,"i) Rishikesh-Badrinath national highway,the Rishikesh - Kedarnath National Highway between Sonprayag,Gaurikund, remained cut off. ii) Damage to several bridges across the state reported.",IMD,,"49, 51, 55, None",5,,"Dehradun, Nainital, Tehri Garhwal, Uttar Kashi Kashi",,2016,7,198,-0.4999999999999997,-0.8660254037844388,1,0,0,,1,,,2.0,2.0,15.0,15.0,,
UEI-IMD-FL-2016-0131,2016-07-21,2016-07-23,3.0,landslide,,Dehradun,Uttarakhand,,,,,11.0,,,,,IMD,,49,5,,Dehradun,,2016,7,203,-0.4999999999999997,-0.8660254037844388,1,0,0,,8,,,1.25,3.0,6.0,11.0,9.0,9.0
UEI-IMD-FL-2017-0120,2017-05-20,2017-05-20,1.0,Landslide,,Chamoli,Uttarakhand,,,,,13.0,,,,Thousands of Pilgrims stranded,IMD,,47,5,,Chamoli,,2017,5,140,0.49999999999999994,-0.8660254037844387,1,0,0,,13,,,1.5384615384615385,7.0,18.88888888888889,70.0,104.5,205.0
UEI-IMD-FL-2017-0121,2017-08-13,2017-08-13,1.0,Landslide,,Pithoragarh,Uttarakhand,,,,,1.0,,2.0,18.0,,IMD,,53,5,,Pithoragarh,,2017,8,225,-0.8660254037844385,-0.5000000000000004,1,1,0,,7,,,1.1428571428571428,2.0,10.857142857142858,43.0,5.0,8.0
UEI-IMD-FL-2018-0117,2018-08-30,2018-08-30,1.0,Landslide,,Tehri Garhwal,Uttarakhand,,,,,6.0,,,,Damage to houses reported,IMD,,55,5,,Tehri Garhwal,,2018,8,242,-0.8660254037844385,-0.5000000000000004,1,0,0,,8,,,1.0,1.0,5.285714285714286,11.0,2.0,2.0
UEI-IMD-FL-2018-0116,2018-11-07,2018-11-07,1.0,Heavy Rains,,Dehradun,Uttarakhand,,,,,7.0,,,,,IMD,,49,5,,Dehradun,,2018,11,311,-0.5000000000000004,0.8660254037844384,1,0,0,,8,,,1.25,3.0,6.0,11.0,9.0,9.0
UEI-IMD-FL-2019-0147,2019-02-06,2019-02-06,1.0,Flash floods,,"Almora, Chamoli",Uttarakhand,,,,,1.0,,1.0,,"i) Damage to agricultural land reported. ii) Damage to several houses, cowsheds reported. iii) Damage to main roads,local bridges reported. iv) Large-scale destruction in Gangnahar, Lambagad, Ramgaderi, Bisht Bhankhli,Negi Bankhali villages reported. v) The Mahelchouri-Chaukhatiya highway blocked due to the debris.",IMD,,"45, 47",5,,"Almora, Chamoli",,2019,2,37,0.8660254037844386,0.5000000000000001,1,1,0,,1,,,1.0,1.0,1.0,1.0,1.0,1.0
UEI-IMD-FL-2019-0155,2019-02-09,2019-02-09,1.0,Cloud Burst,,Almora,Uttarakhand,,,,,,,,,Damage to house reported in Jajar village in Dhauladevi Block.,IMD,,45,5,,Almora,,2019,2,40,0.8660254037844386,0.5000000000000001,0,0,0,,5,,,1.2,2.0,4.0,9.0,,
UEI-IMD-FL-2019-0150,2019-04-07,2019-04-07,1.0,Heavy rains,,Rudra Prayag,Uttarakhand,,,,,,,,,Damage to water pipeline & 40-meter road reported in Sari Chamshil village of Augustmuni block.,IMD,,54,5,,Rudra Prayag,,2019,4,97,0.8660254037844387,-0.4999999999999998,0,0,0,,12,,,1.0,1.0,7.111111111111111,26.0,10.333333333333334,17.0
UEI-IMD-FL-2019-0151,2019-06-08,2019-06-08,1.0,Heavy rains & flash flood as a result of cloud burst,,"Chamoli, Garhwal, Uttar Kashi Kashi",Uttarakhand,,,,,,,,,"i) Damage to 11 bridges reported. ii) Damage to a school building from Pathar Katta village of Gairsain area reported. iii) Severe damage to properties in Chad a local nullah reported. iv) Damage to 4 cowsheds reported. v) Thousands of visitors stranded as Rishikesh-Badrinath highway at Lambagad was blocked. In addition, several other motor roads in Chamoli, Uttarkashi,Pauri districts affected.",IMD,,"47, 52, None",5,,"Chamoli, Garhwal, Uttar Kashi Kashi",,2019,6,159,1.2246467991473532e-16,-1.0,0,0,0,,1,,,1.0,1.0,,,,
UEI-IMD-FL-2019-0156,2019-06-09,2019-08-09,3.0,Heavy rains & flash flood as a result of cloud burst,,"Chamoli, Pithoragarh",Uttarakhand,,,,,1.0,3.0,,6.0,"i) Damage to several acres of farmland reported. ii) Damage to a portion of inter college reported. iii) Damage to several houses, cowsheds reported. iv) Damage to several roads including 60-meter stretch of Thal-Munsyari highway, 30 meters stretch of Badrinath highway reported due to which thousands of pilgrims stranded at different locations. v) More than 40 vehicles washed away. vi) 2 water mills were washed away. vii) The electricity,communication services disrupted.",IMD,,"47, 53",5,,"Chamoli, Pithoragarh",,2019,6,160,1.2246467991473532e-16,-1.0,1,0,1,,2,,,2.0,3.0,10.5,20.0,,
UEI-IMD-FL-2019-0148,2019-06-21,2019-06-21,1.0,Heavy rains & flash flood as a result of cloud burst,,Uttar Kashi Kashi,Uttarakhand,,,,,1.0,4.0,,,i) Damage to houses & shops reported. ii) Several trees uprooted causing blocking of main road for a couple of hours.,IMD,,,5,,Uttar Kashi Kashi,,2019,6,172,1.2246467991473532e-16,-1.0,1,0,1,,6,,,1.0,1.0,5.833333333333333,25.0,,
UEI-IMD-FL-2019-0149,2019-06-23,2019-06-23,1.0,Floods in Binnu river,,Garhwal,Uttarakhand,,,,,,,,,"Damage to houses in Mansari,Kanadi villages in Chauthan Patti area of Thailisain block reported.",IMD,,52,5,,Garhwal,,2019,6,174,1.2246467991473532e-16,-1.0,0,0,0,,8,,,2.5,7.0,15.333333333333334,70.0,,
UEI-IMD-FL-2019-0152,2019-08-08,2019-09-08,2.0,"Heavy rains, flash flood as a result of cloud burst",,"Chamoli, Garhwal, Rudra Prayag, Tehri Garhwal",Uttarakhand,,,,,5.0,5.0,,40.0,"i) Damage to agricultural land reported. ii) Damage to more than 230 houses, 50 shops, Twenty Four cowsheds reported. iii) Damage to 10 water mills, water supply lines reported. iv) Damage to more than two dozen local footbridges,about 60 connecting roads reported.",IMD,,"47, 52, 54, 55",5,,"Chamoli, Garhwal, Rudra Prayag, Tehri Garhwal",,2019,8,220,-0.8660254037844385,-0.5000000000000004,1,0,1,,1,,,2.0,2.0,5.0,5.0,,
UEI-IMD-FL-2019-0154,2019-08-18,2019-08-18,1.0,"Heavy rains & flash floods (in Tons, Pabbar River) & Landslide",,"Dehradun, Garhwal, Tehri Garhwal, Uttar Kashi Kashi",Uttarakhand,,,,,19.0,,,60.0,"i) Extensive damage to agricultural lands reported. ii) Extensive damage to bridges, a primary school reported. iii) Damage to Several houses, cowsheds, shops reported. iv) Several vehicles washed away. v) A helipad submerged in floodwater,national highways were blocked. vi) Damage to around half a dozen villages viz. Makudi, Arakot, Sanel, Tikochi, Khakwadi, Chinwa, Gokul from Uttarkashi Dist. (which is the worst affected district) due to landslide reported. vii) The Mason village in Chauthan Patti area of Thailisain block in Garhwal, Dist. also affected. viii) Several trees uprooted.",IMD,,"49, 52, 55, None",5,,"Dehradun, Garhwal, Tehri Garhwal, Uttar Kashi Kashi",,2019,8,230,-0.8660254037844385,-0.5000000000000004,1,0,0,,1,,,1.0,1.0,19.0,19.0,,
UEI-IMD-FL-2019-0157,2019-09-27,2019-09-27,1.0,Heavy rains & flash flood,,Dehradun,Uttarakhand,,,,,,,,,Damage to about 15 houses in Clement town reported.,IMD,,49,5,,Dehradun,,2019,9,270,-1.0,-1.8369701987210297e-16,0,0,0,,8,,,1.25,3.0,6.0,11.0,9.0,9.0
UEI-IMD-FL-2019-0153,2019-12-08,2019-12-08,1.0,"Heavy rains, flash floods & Landslide",,"Bageshwar, Chamoli",Uttarakhand,,,,,6.0,,,,"i) Damage to farmlands reported. ii) Damage to drinking water pipelines reported. iii) Damage to Several houses, cowsheds, shops reported. iv) Landslide occurred at Aali, Lankhi & Banjba Gad villages from Chamoli Dist. reported. v) Parts of Katyur valley of Bageshwar Dist. affected.",IMD,,"46, 47",5,,"Bageshwar, Chamoli",,2019,12,342,-2.4492935982947064e-16,1.0,1,0,0,,1,,,1.0,1.0,6.0,6.0,,
UEI-IMD-FL-2020-0138,2020-07-15,2020-07-15,1.0,Heavy Rains,,Dehradun,Uttarakhand,,,,,4.0,2.0,,,Complete damage to a house reported,IMD,,49,5,,Dehradun,,2020,7,197,-0.4999999999999997,-0.8660254037844388,1,0,1,,8,,,1.25,3.0,6.0,11.0,9.0,9.0
UEI-IMD-FL-2020-0139,2020-07-18,2020-07-19,2.0,Heavy Rains & Cloud Burst,,Pithoragarh,Uttarakhand,,,,,3.0,,8.0,,"i) Damage to a bridge on Gori river in the hill town of Munsiyari reported. ii) 4 houses completely damaged. iii) Damage to main roads connecting district headquarters to Bangapani, Munsiyari,Dharchula areas reported. iv) Damage to water pipelines reported.",IMD,,53,5,,Pithoragarh,,2020,7,200,-0.4999999999999997,-0.8660254037844388,1,1,0,,7,,,1.1428571428571428,2.0,10.857142857142858,43.0,5.0,8.0
UEI-IMD-FL-2020-0140,2020-08-25,2020-08-25,1.0,Heavy Rains & Cloud Burst,,Chamoli,Uttarakhand,,,,,1.0,3.0,,,i) Extensive damage to Panchayat Ghar reported. ii) The Rishikesh-Gangotri National Highway in Uttarakhand is blocked near Narendra Nagar,IMD,,47,5,,Chamoli,,2020,8,238,-0.8660254037844385,-0.5000000000000004,1,0,1,,13,,,1.5384615384615385,7.0,18.88888888888889,70.0,104.5,205.0
UEI-IMD-FL-2021-0306,2021-02-07,2021-02-07,1.0,Nandadevi Glacier breaks off at Joshimath,,Chamoli,Uttarakhand,,,,,70.0,,205.0,,,IMD,,47,5,,Chamoli,,2021,2,38,0.8660254037844386,0.5000000000000001,1,1,0,,13,,,1.5384615384615385,7.0,18.88888888888889,70.0,104.5,205.0
UEI-IMD-FL-2021-0307,2021-05-29,2021-05-29,1.0,Landslide,,Uttar Kashi Kashi ,Uttarakhand,,,,,,,,,,IMD,,,5,,Uttar Kashi Kashi ,,2021,5,149,0.49999999999999994,-0.8660254037844387,0,0,0,,1,,,1.0,1.0,,,,
UEI-IMD-FL-2021-0308,2021-07-11,2021-07-11,1.0,Landslide,,Bageshwar,Uttarakhand,,,,,3.0,,,,,IMD,,46,5,,Bageshwar,,2021,7,192,-0.4999999999999997,-0.8660254037844388,1,0,0,,3,,,1.0,1.0,10.5,18.0,,
UEI-IMD-FL-2021-0309,2021-07-11,2021-07-11,1.0,Landslide,,Chamoli ,Uttarakhand,,,,,3.0,,,,,IMD,,47,5,,Chamoli ,,2021,7,192,-0.4999999999999997,-0.8660254037844388,1,0,0,,1,,,1.0,1.0,3.0,3.0,,
UEI-IMD-FL-2021-0310,2021-07-19,2021-07-19,1.0,Heavy Rains,,Uttar Kashi Kashi,Uttarakhand,,,,,3.0,,,,,IMD,,,5,,Uttar Kashi Kashi,,2021,7,200,-0.4999999999999997,-0.8660254037844388,1,0,0,,6,,,1.0,1.0,5.833333333333333,25.0,,
UEI-IMD-FL-2021-0311,2021-08-29,2021-08-29,1.0, Heavy Rains,,Pithoragarh,Uttarakhand,,,,,7.0,2.0,,,,IMD,,53,5,,Pithoragarh,,2021,8,241,-0.8660254037844385,-0.5000000000000004,1,0,1,,7,,,1.1428571428571428,2.0,10.857142857142858,43.0,5.0,8.0
UEI-IMD-FL-2021-0312,2021-10-16,2021-10-19,4.0,"Heavy Rain, Landslides & Floods",,"Almora, Bageshwar, Chamoli, Champawat, Nainital, Garhwal, Pithoragarh, Udam Singh Nagar",Uttarakhand,,,,,52.0,17.0,5.0,,,IMD,,"45, 46, 47, 48, 51, 52, 53, 56",5,,"Almora, Bageshwar, Chamoli, Champawat, Nainital, Garhwal, Pithoragarh, Udam Singh Nagar",,2021,10,289,-0.8660254037844386,0.5000000000000001,1,1,1,,1,,,4.0,4.0,52.0,52.0,5.0,5.0
UEI-IMD-FL-2022-1098,2022-07-19,2022-07-19,1.0,Heavy rains,,Rudra Prayag,Uttarakhand,,,,,2.0,6.0,,,,IMD,,54,5,,Rudra Prayag,,2022,7,200,-0.4999999999999997,-0.8660254037844388,1,0,1,,12,,,1.0,1.0,7.111111111111111,26.0,10.333333333333334,17.0
UEI-IMD-FL-2022-1101,2022-08-19,2022-08-19,1.0,Cloudburst,,Tehri Garhwal,Uttarakhand,,,,,5.0,,2.0,,,IMD,,55,5,,Tehri Garhwal,,2022,8,231,-0.8660254037844385,-0.5000000000000004,1,1,0,,8,,,1.0,1.0,5.285714285714286,11.0,2.0,2.0
UEI-IMD-FL-2022-1100,2022-08-19,2022-08-19,1.0,Cloudburst,,Garhwal,Uttarakhand,,,,,2.0,,,,,IMD,,52,5,,Garhwal,,2022,8,231,-0.8660254037844385,-0.5000000000000004,1,0,0,,8,,,2.5,7.0,15.333333333333334,70.0,,
UEI-IMD-FL-2022-1099,2022-08-19,2022-08-19,1.0,Cloudburst,,"Dehradun, ",Uttarakhand,,,,,,3.0,5.0,,,IMD,,"49, 603",5,,"Dehradun, ",,2022,8,231,-0.8660254037844385,-0.5000000000000004,0,1,1,,2,,,1.0,1.0,,,5.0,5.0
UEI-IMD-FL-2022-1102,2022-08-28,2022-08-28,1.0,Heavy Rains,,Dehradun,Uttarakhand,,,,,3.0,,,,,IMD,,49,5,,Dehradun,,2022,8,240,-0.8660254037844385,-0.5000000000000004,1,0,0,,8,,,1.25,3.0,6.0,11.0,9.0,9.0
UEI-IMD-FL-2022-1103,2022-09-22,2022-09-22,1.0,Landslides triggered by Heavy Rains,,"Dehradun, ",Uttarakhand,,,,,,,,,,IMD,,"49, 603",5,,"Dehradun, ",,2022,9,265,-1.0,-1.8369701987210297e-16,0,0,0,,2,,,1.0,1.0,,,5.0,5.0
UEI-IMD-FL-2022-1104,2022-09-22,2022-09-22,1.0,Landslides triggered by Heavy Rains,,Uttar Kashi Kashi,Uttarakhand,,,,,1.0,,,,,IMD,,,5,,Uttar Kashi Kashi,,2022,9,265,-1.0,-1.8369701987210297e-16,1,0,0,,6,,,1.0,1.0,5.833333333333333,25.0,,
UEI-IMD-FL-2023-0574,2023-06-25,2023-06-25,1.0,Heavy rains,,Rudra Prayag,Uttarakhand,,,,,1.0,,,,,IMD,,54,5,,Rudra Prayag,,2023,6,176,1.2246467991473532e-16,-1.0,1,0,0,,12,,,1.0,1.0,7.111111111111111,26.0,10.333333333333334,17.0
UEI-IMD-FL-2023-0575,2023-06-25,2023-06-25,1.0,Heavy rains,,Uttar Kashi Kashi,Uttarakhand,,,,,1.0,3.0,,,,IMD,,,5,,Uttar Kashi Kashi,,2023,6,176,1.2246467991473532e-16,-1.0,1,0,1,,6,,,1.0,1.0,5.833333333333333,25.0,,
UEI-IMD-FL-2023-0576,2023-07-09,2023-07-09,1.0,Landslide,,Dehradun,Uttarakhand,,,,,3.0,,,,,IMD,,49,5,,Dehradun,,2023,7,190,-0.4999999999999997,-0.8660254037844388,1,0,0,,8,,,1.25,3.0,6.0,11.0,9.0,9.0
UEI-IMD-FL-2023-0577,2023-07-09,2023-07-09,1.0,Heavy rains,,Udam Singh Nagar,Uttarakhand,,,,,2.0,1.0,,,,IMD,,56,5,,Udam Singh Nagar,,2023,7,190,-0.4999999999999997,-0.8660254037844388,1,0,1,,2,,,1.0,1.0,5.0,8.0,,
UEI-IMD-FL-2023-0578,2023-07-10,2023-07-10,1.0,Heavy rains,,Uttar Kashi Kashi,Uttarakhand,,,,,4.0,7.0,,,,IMD,,,5,,Uttar Kashi Kashi,,2023,7,191,-0.4999999999999997,-0.8660254037844388,1,0,1,,6,,,1.0,1.0,5.833333333333333,25.0,,
UEI-IMD-FL-2023-0579,2023-07-11,2023-07-11,1.0,Heavy rains & Landslides,,Pithoragarh,Uttarakhand,,,,,5.0,,,,,IMD,,53,5,,Pithoragarh,,2023,7,192,-0.4999999999999997,-0.8660254037844388,1,0,0,,7,,,1.1428571428571428,2.0,10.857142857142858,43.0,5.0,8.0
UEI-IMD-FL-2023-0580,2023-07-11,2023-07-11,1.0,Heavy rains & Landslides,,Rudra Prayag,Uttarakhand,,,,,3.0,,,,,IMD,,54,5,,Rudra Prayag,,2023,7,192,-0.4999999999999997,-0.8660254037844388,1,0,0,,12,,,1.0,1.0,7.111111111111111,26.0,10.333333333333334,17.0
UEI-IMD-FL-2023-0582,2023-07-16,2023-07-16,1.0,Heavy rains & Floods,,Rudra Prayag,Uttarakhand,,,,,,,,,,IMD,,54,5,,Rudra Prayag,,2023,7,197,-0.4999999999999997,-0.8660254037844388,0,0,0,,12,,,1.0,1.0,7.111111111111111,26.0,10.333333333333334,17.0
UEI-IMD-FL-2023-0581,2023-07-16,2023-07-16,1.0,Heavy rains & Floods,,Chamoli,Uttarakhand,,,,,5.0,,,,,IMD,,47,5,,Chamoli,,2023,7,197,-0.4999999999999997,-0.8660254037844388,1,0,0,,13,,,1.5384615384615385,7.0,18.88888888888889,70.0,104.5,205.0
UEI-IMD-FL-2023-0583,2023-07-17,2023-07-17,1.0,Heavy Rains & Floods,,Rudra Prayag,Uttarakhand,,,,,,14.0,,,,IMD,,54,5,,Rudra Prayag,,2023,7,198,-0.4999999999999997,-0.8660254037844388,0,0,1,,12,,,1.0,1.0,7.111111111111111,26.0,10.333333333333334,17.0
UEI-IMD-FL-2023-0584,2023-08-04,2023-08-04,1.0,Massive Landslide,,Rudra Prayag,Uttarakhand,,,,,10.0,,13.0,,,IMD,,54,5,,Rudra Prayag,,2023,8,216,-0.8660254037844385,-0.5000000000000004,1,1,0,,12,,,1.0,1.0,7.111111111111111,26.0,10.333333333333334,17.0
UEI-IMD-FL-2023-0585,2023-08-06,2023-08-06,1.0,Heavy Rains,,Tehri Garhwal,Uttarakhand,,,,,2.0,1.0,,,,IMD,,55,5,,Tehri Garhwal,,2023,8,218,-0.8660254037844385,-0.5000000000000004,1,0,1,,8,,,1.0,1.0,5.285714285714286,11.0,2.0,2.0
UEI-IMD-FL-2023-0586,2023-08-07,2023-08-07,1.0,Landslide,,Rudra Prayag,Uttarakhand,,,,,3.0,,17.0,,,IMD,,54,5,,Rudra Prayag,,2023,8,219,-0.8660254037844385,-0.5000000000000004,1,1,0,,12,,,1.0,1.0,7.111111111111111,26.0,10.333333333333334,17.0
UEI-IMD-FL-2023-0587,2023-08-09,2023-08-09,1.0,Landslides,,Rudra Prayag,Uttarakhand,,,,,7.0,3.0,1.0,,,IMD,,54,5,,Rudra Prayag,,2023,8,221,-0.8660254037844385,-0.5000000000000004,1,1,1,,12,,,1.0,1.0,7.111111111111111,26.0,10.333333333333334,17.0
UEI-IMD-FL-2023-0588,2023-08-10,2023-08-10,1.0,Heavy Rains,,Garhwal,Uttarakhand,,,,,1.0,,,,,IMD,,52,5,,Garhwal,,2023,8,222,-0.8660254037844385,-0.5000000000000004,1,0,0,,8,,,2.5,7.0,15.333333333333334,70.0,,
UEI-IMD-FL-2023-0589,2023-08-10,2023-08-10,1.0,Landslide,,Rudra Prayag,Uttarakhand,,,,,5.0,,,,,IMD,,54,5,,Rudra Prayag,,2023,8,222,-0.8660254037844385,-0.5000000000000004,1,0,0,,12,,,1.0,1.0,7.111111111111111,26.0,10.333333333333334,17.0
UEI-IMD-FL-2023-0590,2023-08-14,2023-08-14,1.0,Torrential rains & Landslides,,Dehradun,Uttarakhand,,,,,4.0,,9.0,,,IMD,,49,5,,Dehradun,,2023,8,226,-0.8660254037844385,-0.5000000000000004,1,1,0,,8,,,1.25,3.0,6.0,11.0,9.0,9.0
UEI-IMD-FL-2023-0591,2023-08-14,2023-08-14,1.0,Landslide,,Tehri Garhwal,Uttarakhand,,,,,4.0,,,,,IMD,,55,5,,Tehri Garhwal,,2023,8,226,-0.8660254037844385,-0.5000000000000004,1,0,0,,8,,,1.0,1.0,5.285714285714286,11.0,2.0,2.0
UEI-IMD-FL-2023-0592,2023-08-15,2023-08-15,1.0,Heavy Rains,,Chamoli,Uttarakhand,,,,,,3.0,4.0,,,IMD,,47,5,,Chamoli,,2023,8,227,-0.8660254037844385,-0.5000000000000004,0,1,1,,13,,,1.5384615384615385,7.0,18.88888888888889,70.0,104.5,205.0
UEI-IMD-FL-2023-0593,2023-08-21,2023-08-21,1.0,Landslide,,Tehri Garhwal,Uttarakhand,,,,,5.0,,,,,IMD,,55,5,,Tehri Garhwal,,2023,8,233,-0.8660254037844385,-0.5000000000000004,1,0,0,,8,,,1.0,1.0,5.285714285714286,11.0,2.0,2.0
UEI-IMD-FL-2023-0594,2023-08-23,2023-08-23,1.0,Heavy Rains,,Garhwal,Uttarakhand,,,,,1.0,,,,,IMD,,52,5,,Garhwal,,2023,8,235,-0.8660254037844385,-0.5000000000000004,1,0,0,,8,,,2.5,7.0,15.333333333333334,70.0,,
UEI-IMD-FL-2023-0633,2023-08-26,2023-08-26,1.0,Heavy Rains & Floods,,Chamoli,Uttarakhand,,,,,2.0,,,,,IMD,,47,5,,Chamoli,,2023,8,238,-0.8660254037844385,-0.5000000000000004,1,0,0,,13,,,1.5384615384615385,7.0,18.88888888888889,70.0,104.5,205.0
